Categoria;Comentario
Cadastro, Login, Senha;Nao recebi email para validar o cadastro NÃO COSIGO ACESSAR A CONTA.
Cadastro, Login, Senha;Não consigo concluir o cadastro.
Loja C&R, Estoque;Nunca realizei compras pelo app. Pois a forma de pagamento são limitadas e os locais de entrega e opções de produtos no app ou site. Não atende minhas necessidades.
Entrega;Muito demora pra entregar.Farmácia é urgência, queremos facilidade e não que interfira na nossa saúde e necessidades. Péssimo Drogasil!!!! Não compro mais.
Entrega;Péssimo no que se refere ao item ENTREGA, pois sempre que preciso medicação de rotina, essa opção vai de maneira escandalosa pra DOIS DIAS UTEIS.Desde ontem,que tento comprar, pois não tenho condição de sair de casa, e só me aparece essa entrega impossív
Entrega;Devo ter opção de entrega rápida. E ter mais desconto.
Entrega;Não tinha opção de entrega no mesmo dia
Preço, Prazo, Promoção, Stix;Vou desinstalar o app e usar o site. O app dá o desconto errado do laboratório, ele não dá a opção de organização dos itens por ordem de preço (no site tem essa opção), e não viabiliza a compra nem para entrega nem para retirar em loja, tive que usar o s
Entrega;Demora demais na sua entrega .
Erro PIX;Tive problemas na liberação dos pedidos na retirada em loja com pagamento via pix. Não me entregaram o pedido pago e alegaram não poder estornar o valor pago.  Após 13 dias recebi o estorno depois de muito transtorno. Solicitaram comprovante do extrato b
Entrega;Pra que serve me entregar em 7 dias? Até lá já morri 3 vezes
Entrega;A demora da entrega e gigantesca, não vale a pena.
Entrega;Meu pedido n veio até agora
Entrega;Como eu faço para ter informações sobre entrega?
Entrega;Final de semana, de segunda-feira à sexta-feira melhor, principalmente no que serei entrega
Entrega;Prazos de entrega não são claro e te induzem ao erro. E acabei cancelando a compra e comprando em outro app.
Entrega;Fiz uma compra no dia 30/04 com entrega em até 24horas. Não recebi os produtos e um dos medicamentos eh de uso diário e não tenho o produto para tomar hoje porque não foi entregue. Liguei para o atendimento e fui informada que a transportadora iria entre
Entrega;entrega muito demorada!
Entrega;Bom dia. Por gentileza favor melhorar o de aplicativo para entregar em casa, pois tenho comprado e não consigo entregador pra meu endereço.
Entrega;As entrega nesse endereço raramente são expresso de até 2 hs.
Entrega;Não entregam o produto e não consigo pedir reembolso
Entrega;Uma pena. Achei o aplicativo, como um todo, muito bom, com ofertas muito boas, mas a entrega não andou junto com a eficiência de vocês. Paguei o expresso e recebi três dias depois. Sem nenhum aviso, ou contato.
Entrega;Entrega desumana. Precisei comprar tudo em outro lugar porque não tem previsão de entrega e estou com dor.
Entrega;Prazo de entrega MUITO longo. 2 dias úteis para remédios é uma eternidade
Entrega;Forma de entrega(retirar em loja), deveria vir antes de finalizar compra, pois deixa dúvidas.
Entrega;Fiz um pedido dia 29 de abril, iriam me entregar só dia 9 de maio. Minha cidade tem mais de 50 lojas. Qual o motivo de terem feito isto? Desrespeito com o consumidor. Não baixem este aplicativo. Agora aguardar o ressarcimento
Entrega;O tempo de entrega deixa a desejar, pois geralmente temos urgência no pedido de remédios
Entrega;Comprei em 30/04 e até hoje não foi entregue!
Entrega;Não está deixando eu optar entre entregar ou retirar na loja. Isso está  fazendo com que eu compre na concorrência.
Entrega;Gostei da opção de entrega expressa.Mas para entrega no prazo normal ( 1 dia ), acho um absurdo cobrar frete , o q começaram cobrar . Compro diversas vezes na semana e um alto valor por mês com vcs , não concordo com a cobrança de frete .Grata
Entrega;Cada produto tem prazo de entrega diferente mas não fica visível para o consumidor. Então temos que ficar colocando e retirando os produtos para saber qual deles está aumentando o prazo de entrega. Fazer o pedido se torna demorado e cansativo
Entrega;Fiz um pedido e não recebi, foi entregue para outro pessoa que não sei quem é! Quero reembolso.
Entrega;Meio confuso ,repeti algumas vezes a foto da receita , e queria teleentrega e não me veio a opção .
Entrega;Pagando absurdo nos medicamentos para não ter entrega na minha região haaa faça me o favor!!!??terei que retirar na loja???
Entrega;O atendimento foi muito ruim, sem contar que sempre preciso ir buscar o pedido, não há tele entrega no mesmo dia, isso que eu moro no Centro. E quando chego para buscar tenho que entrar na fila, isso não facilita.
Preço, Prazo, Promoção, Stix;Comprei produtos e aparentemente havia em estoque, porém, faltaram dois produtos na entrega, sendo que pelo site ainda estava como disponível. Falaram que iam devolver no cartão de crédito, porém agora o preço do medicamento aumentou, assim não dá para c
Erro finalização;Estou tentando finalizar uma compra desde ontem e sempre aparece a mesma mensagem '...ocorreu um erro e não foi possível...' já troquei o cartão,  já troquei a Loja, a entrega e  continua aparecendo a mesma mensagem.
Entrega;Tempo de entrega é muito demorado.
Entrega;Vira e mexi ele não funciona para entrega está péssimo daí tenho que sair e ir buscar então pra que comprar pelo aplicativo
Entrega;A parte de endereço e entrega as vezes não funciona direito
Entrega;Muitos dias para entregar
Entrega;Poderia informar o dia da entrega, exemplo 1 dia útil, comprei domingo e até agora 20hs de segunda não recebi!
Entrega;não aparecem opções para entrega em casa
Entrega;As entregas e uma merda pq vc pede depois de 90 anos literalmente que chegar se eu fosse pedir um remédio pra pressão já tava morta pq fui pedir meu remédio no dia 02/05 as 9:08 e já são 21:19 e até agr ele não chegou a Drogasil na parte da entrega e uma
Entrega;Nao entrega no prazo dado, central não atende, 100% arrependida mas preciso do remédio
Entrega;Não recebi um pedido, nunca fui reembolsada
Entrega;Realizei uma compra, e a opção escolhida foi entrega na residência com frete grátisAo ser informado os dado do cartão e finalizada a compra foi gerado um frete de R$36,00Essa informação de valor do frete só foi atualizada após inserir os dados do cartão!
Entrega;Não tem entrega no meu endereço (vila Mariana Sp)
Entrega;Fiz um pedido 21:00h falaram que meu pedido chegaria em 2 horas, em duas horas o aplicativo disse que meu produto foi entregue, sendo que eu não recebi nada. Sacanagem.
Entrega;Essa é a segunda vez que uso esse aplicativo e vale lembrar que a primeira vez que usei foi decepcionante. Na primeira vez a escolha foi para entregar em casa o pedido, e demorou dias para a entrega, injustificável, pois estou rodeado por filiais. Agora
Entrega;É um pouco confuso o App, teria que já escolher a opção de retirada ou entrega na primeira página, não esperar efetuar a compra.
Entrega;É bom, mas o fato de não entregar é realmente negativo. Eu fiz um pedido na loja do Aterrado - VR, e trabalho no mesmo bairro. Não havia entrega pra cá. Pedi pra entregar em minha casa à uma distância de 3,7KM, também não entregava.
Entrega;Preciso comprar medicamentos controlados, para anexar receitas é ruim demais.Para entrega não é possível e para buscar na loja não encontra farmácia que tenha todos.
Entrega;Acho que a entrega é um ponto negativo, muitas vezes deixei de comprar por ter que esperar 3 dias úteis pra entrega
Entrega;Absurdo vcs não entregarem no centro da posse.
Entrega;Achei muito ruim o APP ficar mostrando a mensagem ' não há como entregar em seu endereço ', sem informar qual o problema. Acabei descobrindo que retirando do pedido o Daforin eu conseguiria receber.Também não achei bom o APP avisar que não estava disponí
Entrega;Já foi melhor, ultimamente marca para entregar em 4 horas mas não cumprem. Atrasam sempre.Atendente sem educação...
Entrega;Compro pelo site os produtos  faço o pagamento  e depois cancela pq não tem o produto p entregar.Então pq fica no site p comprar.
Entrega;Fiz a compra de um medicamento ontem e tive que ir buscar na loja, pois a entrega não foi realizada conforme informação  do aplicativo (ocorreria dia 02/05 até às 20h) que ainda cobrou frete na compra. O pedido ainda se encontra em transporte até agora.
Entrega;Péssimo! Não recebi o produto e consta como entregue. Entrei em contato e o prazo para resolver é de 96hs . Como pode isso? A pessoa doente espera 96hs para ser medicada??
Entrega;Não entrega o produto e consta como entregue.
Loja C&R, Estoque;O produto não chegou, e finalizaram a compra como entregue.
Loja C&R, Estoque;Péssimo! Não tem compromisso nem respeito com o cliente. Não entregaram meu produto, e finalizaram a compra como entregue.
Loja C&R, Estoque;Péssimo! Não tem compromisso nem respeito com o cliente. Não entregaram meu produto, e finalizaram a compra como entregue.
Entrega;Muita demora pra entregar
Entrega;Não adianta nada o aplicativo ser razoável e as empresas parceiras da Drogasil não cumprirem o prazo de entrega. Perdi a confiança no aplicativo, pois além de ter que garimpar por preços menores os mesmos produtos com preços diferentes, agora tenho que p
Entrega;demora muito pra chegar  sendo farmacia a entrega Teria que ser imediato
Entrega;Pessimo atendimento, meia hora na linha, nao resolveram meu problema e nem entregaram no dia combinado
Entrega;É muito demoradoos passos da compra.Se é produto de farmácia  deve estar 24 horas pra entrega aos clientes.Deve ter tbm um telefone pra contato ou chat. O tempo d espera p concluir  compra é péssimo.
Entrega;Tive que tirar metade da compra porque Nao localiza loja para entrega e nem transportadora.
Entrega;Sempre comprei pelo aplicativo, mas ultimamente está demorando muito pra entregar, fi um pedido no dia 27/04 e aí da não chegou, hj édia 03/05.
Entrega;Fiz meu primeiro pedido pelo aplicativo, pedi e paguei as 14:50. Paguei taxa de entrega expressa em 4 horas, e não recebi nada. No App consta como em separação! Vocês são péssimos! Pedido 220503272594
Loja C&R, Estoque;Muito difícil conseguir uma farmacia com tudo que precisamos e o prazo de entrega de produtos simples de 4 dias é um absurdo
Preço, Prazo, Promoção, Stix;Encontrei muita dificuldade para finalizar a compra, não aceitava retirar,  não aceitava o frete da loja, e finalmente só tinha a opção pagando  um valor maior para entregar. Vou pensar para fazer nova compra . Atr. VALDETE
Entrega;Falta de entrega de produtos na minha região.
Entrega;É uma vergonha eu ter que comprar vários produtos e a entrega ser diferenciada, alguns itens eu recebo e outros eu ter que pagar o frete absurdo por um item que custa R$5.00.
Entrega;Já foi bom!Agora deixa muito a desejar…1-Faço pedidos para retirar em loja e não estou recebendo avisos que estão prontos.2- meu CEP não está disponível para entrega??Mais o cliente pode sair e buscar em outro bairro.Então  darei preferência ao outro bai
Loja C&R, Estoque;Tem produtos que tem na farmácia para fazer o compre e retire porém só aparece para entrega até 5 dias úteis. Várias vezes deixei de comprar pelo aplicativo para ir até a loja pegar
Entrega;Tive muito problema com entrega
Preço, Prazo, Promoção, Stix;Curiosamente por 3 vezes quando tinha uma oferta ou cupom disponível ao fazer o pedido a farmácia cancelada alegando que não estava disponível e pior cancelava todos os itens do pedido .. melhor não oferecer desconto e cumprir com  a entrega,  qualquer a
Entrega;Horrível , a entrega parece ser eterna , odiei minha experiência
Entrega;Não consigo acompanhar a localização do pedido, pra saber se está próximo ou não da entrega. Um pedido que fiz no ano passado ainda aparece como disponível para a retirada, mesmo fazendo um ano que já retirei.
Entrega;Precisa ser mais claro quais produtos não são vendidos e entregues por vocês, pois isso prejudica a entrega em algumas vezes
Entrega;Fiz pedido e nunca recebi
Entrega;Boa tarde ! Não aparece mais a opção de escolha da loja para retirada de medicamentos, somente para entrega em casa cuja opção não é do meu interesse. Gostaria de saber como retorno a opção de retirada em loja. Obrigado
Loja C&R, Estoque;Você leva tempo demais para verificar os produtos e formulários o pedido. Se você quer retirar na loja, nunca tem o produto escolhido em loja próxima. Nem todas lojas próximas aparecem no aplicativo. A entrega em determinado endereço é  1 dia útil após a
Entrega;Prazo de entrega não corresponde. Não faz sentido comprar e não receber no prazo estabelecido.
Entrega;Comprei pela manhã, achando que seria como 1 tele-entrega, até agora nada,  e moro a 1 quadra de uma Droga Raia.
Entrega;Não há opção para retirada dos produtos na capital São Luís e nem permite acompanhar o processo de entrega. Grave deficiência informativa
Entrega;Conseguia pedir para entregar no meu endereço (moro há cerca de 1.5km) de uma das lojas). Porém, de uns dias prá cá, o APP diz que nâo entrega... Acho que deve estar com problema no cadastro de CEP/rotas
Entrega;Difícil de achar os produtos e confuso quando outro que entrega
Entrega;Pena que não tem tele entrega para meu endereço!Ficaria melhor!
Cesta;Estou tentando efetuar uma compra desde a parte da manhã e não consegui.Nem por entrega e nem indo a loja.Os produtos somem da cesta e depois voltam.Meu endereço não é válido???!!!Liguei diversas vezes para essa filial e o telefone sempre está ocupado!!!
Loja C&R, Estoque;Por duas vezes comprei produtos que tinham estoque pelo app, porém não recebi, e não recebi nenhuma mensagem dizendo que não havia o produto em estoque, só depois do prazo de entrega ultrapassado, e eu entrando em contato com o sac que obtive a resposta
Entrega;Demora com os pedidos online. Pedido feito pela manhã, entrega a noite
Entrega;Fiz pedido de entrega hoje as 12:44 dia 04/05/22 e já são 20:10 e até agora nada!!!!!!!Só não fui buscar pois estou impossibilitada de sair de casa. É meu filho necessitando do remédio e até agora não chegou. Número do pedido: 220504838815
Cadastro, Login, Senha;Não recebi o e-mail de confirmação de criação da conta e não consigo comprar
Entrega;Não está dando opção para retirar em loja, assim que escolhe o produto, informa a única opção, vendido e entrega por Drogasil. Aff!!
Entrega;Demora na entrega a outros serviços muito mais rápido se compramos o medicamento e porque precisamos para usar e não deveria demorar pra entregar ponto negativo neste quesito tão importante que faz pensar se compensa fazer  novas compras .
Pedido cancelamento;Fiz uma encomenda de uma medicação e ficou informando que estava em separação, sendo um antibiótico, mandei msg pedindo o cancelamento, pq precisei comprar em outro lugar e falaram que atava disponível e o App continuava com a informação que estava em separação. Depois da demora, não precisava mais da medicação e pedindo estorno. Mas se a compra não é para entrega e sim retirada, precisam se atentar ao App e modificar o status para retirada, quem compra pelo App, acompanha por ele
Loja C&R, Estoque;Produtos que deveriam ter no estoque da cidade e eu não teria que pagar um frete absurdo, além de esperar 5 dias pra entregar.
Pedido cancelamento;Terceira tentativa de compra  sendo 2 vezes cancelada pela Drogaraia sem qualquer justifocativa. O produto existe, tem disponivel, esta para entrega. Promete e nao cumpre. Precidava ds entrega em 4h sendo que o meu primeiro pedidofoi feito as 11h. Sao 16:36 e nada para saber o porque do cancelamento por parte da Drogaraia.
Entrega;Não tem opção retirar na loja e o valor da entrega é maior que o produto. Também não consigo excluir meu cadastro
Pedido cancelamento;Não passa a previsão de entrega do pedido.Não dá a opção de cancelamento.Não consigo falar no telefone informado.
Pedido cancelamento;Vou deletar e não comprarei mais na Droga Raia. Recebi email confirmando meu pedido e o pagamento, mas não recebi as compras, e aparece como 'em andamento' no aplicativo.  Apenas quando clico que aparece que uma parte foi cancelada. Não recebi notificação nenhuma do cancelamento. Aconteceu diversas vezes.
Loja C&R, Estoque;O aplicativo seleciona os remédios que tem.no estoque. Na finalização, pede para retirar produto porque não tem no estoque.Propus então a entrega no endereço, e informa que não entrega.Muito tempo perdido só com procedimentos pouco assertivos
Loja C&R, Estoque;Controle de Estoque desatualizado,  vende o produto mas não tem para entregar.
Loja C&R, Estoque;Muitos erros, não consulta estoque antes de oferecer retirada, não da prazo de entrega antes da finalização…
Loja C&R, Estoque;Fui na Drogasil que fica 120 metros da minha casa, tinha os produtos e não consegui comprar pelo app pq dizia q não tinha estoque, sendo q o produto estava nas minhas mãos. Eles não puderam fazer nada e ainda tive q esperar para usar os produtos pela entrega, sendo q não tenho mais nada de cremes pro rosto.
Loja C&R, Estoque;Segunda vez que faço a compra e esta é cancelada pela loja porque não tem o produto disponível para entrega, ou seja o estoque fisico não está sincronizado com o do aplicativo. Sendo assim a pergunta que fica é: para que serve o aplicativo?
Cadastro, Login, Senha;Tentei cadastrar desconto do fabricante e não conclui o cadastro, dava erro Também sugiro mudar a escolha de entrega, ter a possibilidade de escolher retirar  na loja antes de ter que selecionar entregar pelo droga raia.
Loja C&R, Estoque;O sistema tem meu CEP,  meu endereço  , e após escolher vários itens por quase 1h , na hora de efetuar o pagamento acusou que vários produtos não poderiam ser entregues.Se o sistema reconhece meu CEP pelo cadastro , não era pra ter o produto disponível no app e fazer o cliente perder tempo escolhendo e na hora de pagar descobrir que não tem para entrega e ter que retirar tudo do carrinho
Erro PIX;O código do PIX não confere, o banco não aceita.
Erro PIX;O código do pix aparece como inválido. Não dá certo.
Erro finalização;Não estou conseguindo finalizar meu pedido.  Dá uma mensagem de erro que não sei o que é! Tentei pix e também cartão!O dia inteiro tentando!! Muito chato isso!
Erro PIX;Lixo, o pix não funciona
Erro PIX;Pix não funcionou nem na loja e hora que passei o cartão a funcionária me disse que não tinha o colirio, péssima a logística perdi tempo!
Erro PIX;App péssimo, digitar código para recadastramento de senha não dar acesso, Pix , dar erro. Pelo amor de deus resolvia isso, esse do pix desde ano passado q não funciona
Erro PIX;O pix nao funciona como deveria!
Erro PIX;Tentei pagar no pix e por diversas vezes deu erro. Tive que pagar no crédito e eu nem queria pagar nessa forma de pagamento.
Erro PIX;Completamente horrível, tentei por pix duas vezes e o código não foi aceito. Selecionei os mesmos produtos e o frete mudou. Depois coloquei pra adicionar 3 produtos no carrinho e só foi um. Péssimo, mudem esta merda
Erro PIX;não consigo copiar código PIX para pagar o medicamento
Erro PIX;O código de barra PIX aparece como “não foi possível  ler”… aí o que era pra ser prático.. atrapalhou todo o processo
Erro PIX;Demora muito a liberar por pix
Erro PIX;Não permite mudar a forma de pagamento, não permite código de barras do pix
Erro PIX;Um lixo....cliente compra, paga via Pix para retirar na loja e já fazem quase 24 hs da compra e nada.....segunda vez que acontece
Erro PIX;Não da pra pagar por.pix
Erro PIX;Não consegue fazer o pix. Dá como chave aleatória inexistente.
Erro cartão de crédito;3 dias para comprar, só aceitou Pix
Erro cartão de crédito;Não está mais aceitando pagamento por cartão, só pix.
Erro PIX;Não consigo copiar e colar o pix
Erro PIX;Código pix vem incompleto
Erro PIX;Pagamento aprovado  ( pix ou cartao de cerdito) compra sempre cancelada
Erro PIX;Péssimo !faz um semana que estou tentando comprar um produto e na hora de finalizar o pagamento via pix não copia e cola o código. Pede pra informar o QR coldeMuito decepcionada com esse aplicativo,está na hora de tomar providências para agilizar sse aplicativo p que a gente possa APROVEITAR AS OFERTAS QUE VALEM A PENA NO APP
Erro cartão de crédito;Não pagou via cartão, só pix.Cartão está tudo ok. Segunda compra que tento e da erro pelo cartão
Erro PIX;Não consigo pagar pelo pix.
Erro PIX;Depois de tentar por três ve zes consegui desde ontem tentando .Ainda enviou código do pix que não conferia .
Erro cartão de crédito;Não passou o meu cartão de crédito. Tive que fazer Pix
Erro finalização;Estou tentando comprar um medicamento e não consigo realizar pagamento, nem no cartão e nem pix.
Erro PIX;O sistema de pagamento por pix não funciona.Arrumem isso, por favor. É muito mais rápido e prático pagar assim
Erro PIX;Pag por pix não  funciona
Erro PIX;pix não funciona
Erro PIX;Não consegui efetuar a compra via pix
Erro PIX;O valor final da minha compra foi R$132,75. Ao clicar pagar com PIX e colar o código no meu banco o valor foi para R$154,80.Uma diferença de mais de R$20 sem nenhuma explicação.Por esse motivo não fiz a compra e nem voltarei a comprar. Também recomendarei para quem eu conheço que não compre pelo app. Fiquei muito decepcionada.
Erro PIX;Da erro não aceita cartão de crédito e no pix aparece erro n°500
Erro PIX;Nao consigo finalizar a compra com nenhuma forma de pagamento: cartão, pix… manda eu entrar em contato com o SAC. Sempre comprei pelo app. Agora não consigo mais
Erro PIX;Pix não funciona, não consegui colar no app do banco
Erro PIX;Aplicativo péssimo para pagamento pix, não transfere para o app do banco quando copia
Erro PIX;Não consigo realizar pag. Por via Pix
Erro PIX;Pix dando erro
Erro finalização;Aplicativo trava a todo o momento e não finaliza as compras
Lentidão, Trava, Crash, Performance;Site lento deixando risco de duplicidade
Lentidão, Trava, Crash, Performance;As vezes o aplicativo trava na hora do preenchimento dos dados do cartão.
Lentidão, Trava, Crash, Performance;Como sempre em qualquer horário, seja no horário comercial como durante a madrugada, ele está sempre lento e travando. Haja paciência.
Lentidão, Trava, Crash, Performance;O App é um pouco lento e sempre tenho que realizar mais de uma vez o processo pra conseguir finalizar a compra. Salvo meus dados pessoais (como endereço, telefone e cartão de crédito), mas em toda compra acabo precisando revisar os cadastro ou incluir os
Lentidão, Trava, Crash, Performance;Muito lento e confuso nas buscar
Lentidão, Trava, Crash, Performance;Aplicativo muito pesado e lento.
Lentidão, Trava, Crash, Performance;Travado.    Não abre normal.   Tira a paciência do usuário.
Lentidão, Trava, Crash, Performance;Trava muito ainda, principalmente na hora de ativar as ofertas do nada sai do aplicativo.
Lentidão, Trava, Crash, Performance;Site e app cheios de erros e lentidão...2 horas para fazer uma compra simples, lamentável
Lentidão, Trava, Crash, Performance;Instabilidade. Lento para recuperar informações. E dá a impressão que o estoque das lojas não está atualizado. Já aconteceu de eu estar dentro da loja, confirmar o produto em estoque e no aplicativo dizia q não tinha. Precisa melhorar.
Lentidão, Trava, Crash, Performance;Muito lento , isto quando não trava.Não reconhece o endereço para entrega, cada compra no aplicativo é um parto!!!!!Muito ruim
Lentidão, Trava, Crash, Performance;Acho o aplicativo muito lento. Demora muito para finalizar um pedido.
Lentidão, Trava, Crash, Performance;muito lento
Lentidão, Trava, Crash, Performance;Lento
Lentidão, Trava, Crash, Performance;FICA TRAVANDO
Lentidão, Trava, Crash, Performance;App ruim, lento e pouco ou nada eficiente. Além disso mtas ofertas só são válidas p pedidos feito na internet. Qual a necessidade de um app então? Outra coisa é que já foi aberto um chamado há MTOS meses p unificar meu CPF ao plano de saúde e isso nunca
Lentidão, Trava, Crash, Performance;Muito lento adicionar novo cartão
Lentidão, Trava, Crash, Performance;Em alguns momentos ele trava.
Lentidão, Trava, Crash, Performance;Lento, design ultrapassado
Lentidão, Trava, Crash, Performance;Lento demais
Lentidão, Trava, Crash, Performance;Lento
Lentidão, Trava, Crash, Performance;O aplicativo trava demais, tem dias que eu acabo indo na farmácia, isso impacta muito.
Lentidão, Trava, Crash, Performance;Está travando e no suplemento alimentar Imuno + Zinco, não aparece o COMPRAR.
Lentidão, Trava, Crash, Performance;Trava muito, muito lento, na hora de ativar ofertas fico clicando igual louco d ele não ativa, tenho que tentar várias vezes até conseguir
Lentidão, Trava, Crash, Performance;Ultimamente está travando e tendo que desinstalar e instalar de novo.
Lentidão, Trava, Crash, Performance;Lento por demais ...
Lentidão, Trava, Crash, Performance;Horrível, desde ontem tentando. Trava muito Quase desisti
Lentidão, Trava, Crash, Performance;As vezes ele está lento, mas pode ser a rede.
Lentidão, Trava, Crash, Performance;App só trava. Péssimo. Não recomendo!!!
Lentidão, Trava, Crash, Performance;trava demais
Lentidão, Trava, Crash, Performance;Deixa a desejar.   Muito Lento  principalmente  quando fechar o pedido
Erro finalização;Já tinha feito algumas tentativas neste final de semana e não havia dado sequência na compra pois travava e sem resultados. Acabei perdendo a promoção que tinha neste produto!
Erro finalização;Lento e sem orientação suficiente pra autonomia do uso. Preciso receber no endereço minhas compras e simplesmente não consigo concluir , enviando mensagem de que não encontrou nenhuma forma de entrega.Difícil.
Lentidão, Trava, Crash, Performance;muito lento
Lentidão, Trava, Crash, Performance;O aplicativo está muito lento.
Lentidão, Trava, Crash, Performance;Trava toda hora. Tem que ficar tentando até conseguir.
Lentidão, Trava, Crash, Performance;Lento
Lentidão, Trava, Crash, Performance;muito lento
Lentidão, Trava, Crash, Performance;Muito lento, some os itens da cesta, trava tanto no Wi-Fi quanto na internet móvel.
Lentidão, Trava, Crash, Performance;sistema lento. demorou para processar e tirou um remedio sem eu perceber
Lentidão, Trava, Crash, Performance;As vezes lento, e demora confirmar compra.
Lentidão, Trava, Crash, Performance;muito lento
Lentidão, Trava, Crash, Performance;Trava muito.
Lentidão, Trava, Crash, Performance;Trava com muita frequência na hora de escolher uma loja para retirar o pedido.
Lentidão, Trava, Crash, Performance;"Trava sempre;Muitas telas para as mesmas funções;O sistema nas lojas funciona mal e confunde os balconistas na hora de entregar as compras feitas pelo app, perde-se muito tempo sempre!"
Lentidão, Trava, Crash, Performance;Trava direto e não consigo completar a compra.
Lentidão, Trava, Crash, Performance;Lento, da erro e precisa tentar várias vezes p concluir a compra
Lentidão, Trava, Crash, Performance;Inconsistências persistem. App trava muito, e por vezes não funciona serviço de localização, bem como
Lentidão, Trava, Crash, Performance;Muito lento!! Devia rodar mais liso nos aparelhos. Ia ajudar muito na hora da compra e ativação de ofertas. Eu como funcionário, já perdi vendas ótimas por demorar demais.
Lentidão, Trava, Crash, Performance;Aplicativo muito complicado e pesado.
Lentidão, Trava, Crash, Performance;TRAVA MUITO
Lentidão, Trava, Crash, Performance;Site muito lento, principalmente qd é preciso cadastrar receita. Ele não volta para a cesta de compras após o cadastro da receita.
Lentidão, Trava, Crash, Performance;Muito lento e vários erros
Lentidão, Trava, Crash, Performance;0 aplicativo travou e não consigo ir p home depois da avaliação que não saia da tela, forçando a avaliar o aplicativo.  Apesar de ter dado como ótimo,  continuou travado
Lentidão, Trava, Crash, Performance;Lento, bugando
Lentidão, Trava, Crash, Performance;Falha muito, além de ser muito lento, demora demais para responder
Lentidão, Trava, Crash, Performance;Trava muito, tive que trocar o endereço para poder gerar o pedido
Lentidão, Trava, Crash, Performance;O app é pessimo. Trava toda hora. Só compro pq os precos são bons. Levei duas horas pra conseguir concluir meu pedido
Lentidão, Trava, Crash, Performance;O aplicativo trava muito.
Lentidão, Trava, Crash, Performance;Aplicativo lento e confuso, nesta vez!
Lentidão, Trava, Crash, Performance;Trava muito,mas as descontos são muito bons!
Lentidão, Trava, Crash, Performance;Sempre trava, pagamento com pix dá erro. Faz anos que uso o APP e continua com muitos bugs.
Lentidão, Trava, Crash, Performance;aplicativo lento
Lentidão, Trava, Crash, Performance;Lento.
Lentidão, Trava, Crash, Performance;APLICATIVO TRAVA MUITO.
Lentidão, Trava, Crash, Performance;Pode melhorar, trava muito.
Loja C&R, Estoque;Sistema lento A maioria dos produtos que escolho não temDisponíveis em lojas nas imediações Promoções que o cliente tem q comprar 3 produtos p ter direito ao desconto Aumento elevado do frete O campo p selecionar os produtos é muito pequeno, chega ser agoniante . Estou busco outras opções de farmácias, ando muito insatisfeita c a Drogasil
Lentidão, Trava, Crash, Performance;Estava travando
Lentidão, Trava, Crash, Performance;O aplicativo está bem lento.
Erro finalização;O app passou dias sem permitir a finalização das compras. Além disso, continua muito pesado e com algumas funções com carregamento difícil, a exemplo da ativação de ofertas.
Erro finalização;Hoje já entrei umas 4 vezes...finaliza o pedido e depois trava. Depois de tudo feito complicado. Vez ou outra fazendo isso.
Lentidão, Trava, Crash, Performance;Lento
Lentidão, Trava, Crash, Performance;App para envio da receita apresenta falhas (trava)
Lentidão, Trava, Crash, Performance;Não estou conseguindo comprar um antibiótico pelo aplicativo e tem travado muito
Lentidão, Trava, Crash, Performance;O app vem apresentando diversos bugs e travamento. Para efetuar a última compra tive de reiniciar o celular.
Lentidão, Trava, Crash, Performance;nunca tem o que procuro e trava muito
Lentidão, Trava, Crash, Performance;muito lento
Lentidão, Trava, Crash, Performance;Trava muito, não tem opções para facilitar a compra, muito difícil fazer compra com retirada.App devagar e nada intuitivo.
Lentidão, Trava, Crash, Performance;Trava  muito
Lentidão, Trava, Crash, Performance;um pouco lento
Erro finalização;Fiz 3 tentativas p está compra. Lento, não finaliza.
Erro finalização;Trava demais, vive dando erro. O produto aparece como disponível, tanto para entrega quanto para retirada. Porém quando vai finalizar a compra aparece indisponível, aí tem que ficar tirano um por pra ver qual produto não tá disponível. Muito ruim esse app
Lentidão, Trava, Crash, Performance;Muito lento, demora para processar as imagens e a página do aplicativo. Mesmo no wi-fi 5G é lento, se for dados móveis então piora mais ainda.
Lentidão, Trava, Crash, Performance;Está travando
Lentidão, Trava, Crash, Performance;Ainda muito lento.
Lentidão, Trava, Crash, Performance;o app travava quase sempre ao simular o frete e o meu cupom que ganhei do SAC não aplicou, mesmo sendo elegível.
Lentidão, Trava, Crash, Performance;É muito lento e as vezes dá erro. É o app mais lento que eu tenho
Lentidão, Trava, Crash, Performance;As vezes o aplicativo trava, fica lento
Lentidão, Trava, Crash, Performance;Lento e instável fecha do nada
Lentidão, Trava, Crash, Performance;Muito lento. Trava. Não dá opção de farmácias que tem o medicamento para pegar (liguei e confirmaram). Não aparece farmácia do Setor Vila Nova.
Busca;Aplicativo trava, a busca n é inteligente e a apresentação é confusa
Lentidão, Trava, Crash, Performance;Trava demais  muito lento aplicativo pesado e dá muito erro no caixa.
Lentidão, Trava, Crash, Performance;Travando demais, instabilidade no pedido, muito ruim!
Lentidão, Trava, Crash, Performance;(07/05/2022) APP APRESENTA FALHAS CONTANTES ALÉM DE SER LENTO SEMPRE. MAS HOJE FOI O LIMITE. LOJA ARARUAMA NILO PEÇANHA RJ. COMPRA DE QUASE 500 REAIS. EU ESTAVA DENTRO DA LOJA. APP APRESENTOU ERRO NA HORA DE FECHAR O PEDIDO PARA PAGAMENTO VIA PIX. ENQUANTO A EXCELENTE ATENDENTE TALITA TENTAVA ME ORIENTAR A REINSTALAR O APP, OS OUTROS ATENDENTES AFIRMAVAM QUE O APP APRESENTAVA PROBLEMAS DESDE O DIA ANTERIOR (06/05/2022) E A GROSSA GERNETE DA LOJA INSISTIA QUE A MINHA ÚNICA OPÇÃO ERA COMPRAR PELO TELEVENDAS. COM APP, ESTANDO DENTRO DA LOJA E TER QUE COMPRAR PELO TELEVENDAS CHEGA A SER VERGONHOSO PARA A DROGARAIA. COMO A GROSSA GERENTE NÃO FEZ O MÍNIMO ESFORÇO EM BUSCAR UMA SOLUÇÃO E AINDA ATRAPALHAVA A EXCELENTE ATENDENTE TALITA A ME ORIENTAR, DESISTI. FUI PRA DROGARIA PACHECO QUASE AO LADO, TODOS OS VALORES DA DROGA RAIA FORAM COBERTOS PELO EMPENHO DA GERENTE DA LOJA E FECHEI A MINHA COMPRA NO VALOR DE R$ 433,31. NÃO VOLTO MAIS NESSA LOJA DA DROGA RAIA ARARUAMA NILO PEÇANNHA (RJ) E TALVEZ NÃO VOLTE A COMPRAR NA REDE. PARABÉNS À DROGARIA PACHECO PELO ATENDIMENTO E SENSO DE OPORTUNIDADE.
Lentidão, Trava, Crash, Performance;Lento
Lentidão, Trava, Crash, Performance;Sempre (TODAS, 100% DAS VEZES) tenho que desinstalar e reinstalar para TENTAR fazer pedido, pois aparece mensagem “desculpe, ocorreu um erro, tente novamente mais tarde”. Tento  depois. E depois, e troco de cartão (o que não deveria acontecer), e tbm nao funciona. Desintalo o app, e ÀS VEZES vai na 3ª ou 4ª tentativa. Ou antes de dar o erro, na parte de colocar o código de segurança, trava ali, o teclado fica fixo nos números, não segue adiante, não tem como dar o OK para fechar o pedido. Acabo desistindo e indo da Drogaria São Paulo. Hoje finalizou o pedido por um milagre, (são 13:25h de 07/06, estou tentando desde 19:00h de 06/05)Nota 0 pro app ?
Lentidão, Trava, Crash, Performance;Lento demais da conta.....?
Lentidão, Trava, Crash, Performance;Trava demais!
Lentidão, Trava, Crash, Performance;Muito lento e com falhas às vezes
Lentidão, Trava, Crash, Performance;Tem boas ofertas. Porém é muito lento, fica muito tempo carregando pra mostrar o produto escolhido.
Problema não detalhado;Não adianta comprar pelo aplicativo pra retirar e ter que pegar uma fila demorada pra retirar nas famarcias com atendimento lento.
Lentidão, Trava, Crash, Performance;O aplicativo não roda bem. É lento. Atende. Mas é preciso mais celeridade. Mesmo com o wi-fi da loja não é rápido.
Lentidão, Trava, Crash, Performance;Muito lento  procurar melhoras
Lentidão, Trava, Crash, Performance;Constante travamento, os preços mudam no final…
Lentidão, Trava, Crash, Performance;Muito lento sempre trava nao consigo cocluir a compra
Lentidão, Trava, Crash, Performance;O aplicativo e péssimo trava demais e nos induz ao erro
Lentidão, Trava, Crash, Performance;Travando bastante
Lentidão, Trava, Crash, Performance;Site muito lento ?   precisei  refazer   meu  três   vezes.  Concorrência   atende   melhor.
Lentidão, Trava, Crash, Performance;O aplicativo trava bastante
Lentidão, Trava, Crash, Performance;O aplicativo é lento, demora p abrir e nao tem a opção acompanhar pedidos.  Uma bosta
Lentidão, Trava, Crash, Performance;É mais lento que um galaxy pocket de 2012, os desenvolvedores deveriam ter vergonha desse trabalho porco que fazem.
Lentidão, Trava, Crash, Performance;muito lento
Lentidão, Trava, Crash, Performance;Trava direto,  pede dados que já possuo no cadastro  e faz perder tempo em redigitar Site da concorrente funciona bem melhor. Soy conprei por causa do preço
Lentidão, Trava, Crash, Performance;Lento, nada intuitivo e uma dificuldade enorme para conseguir concluir uma compra, tive que desinstalar o aplicativo é instala-ló por 3 vezes para concluir uma compra, disponibilizar um aplicativo desse nível é melhor não ter, irrita o cliente e denigre a imagem da marca.
Lentidão, Trava, Crash, Performance;O aplicativa melhorou, mas ainda trava
Lentidão, Trava, Crash, Performance;Muito ruim, lento, não  consegui  encontrar  onde excluir cartão.
Lentidão, Trava, Crash, Performance;Trava bastante, tem itens que aperta e não carrega.
Lentidão, Trava, Crash, Performance;Muito lento.
Lentidão, Trava, Crash, Performance;App muito lento e trava o meu celular.
Lentidão, Trava, Crash, Performance;Ele trava um pouco
Lentidão, Trava, Crash, Performance;aplicativo muito lento.
Erro finalização;Para medicamento controlado, anexei a receita no link com sucesso, mas o app não reconheceu e não foi possível concluir a compra. O pior é que só é possível descobrir o erro por tentativa, pois o app não informa que esse é o problema. Apenas não permite a entrega ou retirada e o processo de compra fica travado.
Erro finalização;Nao consigo concluir compra .E trava muito.
Erro cartão de crédito;Trava mto, da erro na hora do pagamento, tem que inserir o mesmo cartão várias vezes etc
Erro finalização;Muito lento, trava muito! Recusa as compras sem explicar o motivo, o cliente tem que insistir demais para conseguir fechar a compra. Precisa melhorar muito. Obrigada.
Lentidão, Trava, Crash, Performance;APP/site super lento/travado, bugs, vc muda de pagina e APP desconecta, NÃO sincroniza cesta com site. TI tem que melhorar muito o APP e o site...
Erro finalização;Tentei mais de 10x fazer a compra online, aplicativo lento e um pouco confuso. Mesmo eu colocando a opção de retirada, ele pedia confirmação do endereço e trava na hora de gerar o pix. Agora peguei o número de boleto e vou tentar pagar. Outro detalhe é que se saio do App aqui e vou p o App do banco, aqui zera todo o processo e devo reiniciar. Ufaa!
Erro finalização;Trava, a parte do cartão fica repetindo.... não consigo escolher para pegar na loja.
Cesta;Aplicativo trava de mais.Não consigo excluir item da cestas. Eles sempre voltam Não  consigo achar a farmácia mais próxima. Campo fica em branco sempre.Precisa melhorar esses itens com urgência
Erro finalização;Ruim. Trava muito. Vocês deveriam deixar as farmácias que têm o medicamento disponível no momento da escolha do produto e não só quando vamos finalizar.
Lentidão, Trava, Crash, Performance;Não consigo cadastrar o número do meu celular e não localizo suporte.  App apresenta instabilidade, e trava muitas vezes.
Erro finalização;Muito lento, não conclui a compra se o produto está em falta, e não específica qual e o produto.
Erro cartão de crédito;Acho o app um pouco lento e por vezes retorna erro na finalização com erro no pagamento em cartão de crédito
Erro finalização;Ruim muito ruim. O aplicativo trava o tempo todo. Inúmeras tentativas de compra. Passei raiva. Vc não não consegue simular uma compra. Não consegue remover itens. Tem muitos itens sem estoque na pesquisa atrapalha o processo de compra. Tem produtos q não são vendidos pela própria farmácia com frete alto. O aplicativo deveria ser exclusivo pra drogasil. Entrei no app pra comprar diretamente da drogasil. Não me interessa outros vendedores. Não consegui comprar logado. Tive q fazer meu carrinho primeiro pra depois logar e efetuar a compra. Pelo site no computador a mesma dificuldade. O frete muda repentinamente pula de 3,90 pra 40. Não entra valor de frete gratis. Uma bagunça o processo de compra. Reinstalei o aplicativo não resolveu.  Tive q ficar zerando o cachê do app pra compra da certa e não ficar travando muito chato. A falta de estoque por muito tempo incomoda. Todo ano e esse mesmo problema. A limitação de itens de um mesmo produto incomoda.
Erro finalização;Trava não concluiu minha compra
Preço, Prazo, Promoção, Stix;Muito lento na hora de ativar as promoções.
Lentidão, Trava, Crash, Performance;App bugado, cheio de trava, com o prazo de entrega errado, não mostra corretamente o status do pedido, a gente liga pro SAC e se não pedir pra falar com o atendente a ura dá a mesma informação desatualizada. Parece atendimento de alguma loja de produtos irrelevantes e não de remédio. Desprezivel! Só serve pra ativar ofertas mesmo.
Erro finalização;Trava muito, e qdo chega em finalizar  acontece, daí vc tem que começar tudo de novo.
Loja C&R, Estoque;Aplicativo muito lento e as vezes a compra é cancelada por não ter os produtos adquiridos na loja.
Lentidão, Trava, Crash, Performance;Esse aplicativo no meu celular fica muito pesado (lento), e olha que meu celular é bonzinho, um Asus 5z. Acho até mais pesado do que um jogo considerado pesado. Não sei qual o motivo, pois ele é bem simples. Acredito que seja alguma falha na programação, não sei. Outra questão é sobre quando o produto que escolhemos está em falta em alguma loja próxima, nesses casos era pra o aplicativo informar qual produto não tem na loja, que daí a gente pode escolher se compra as opções disponíveis e deixa pra comprar o que não tem em outro lugar. Atualmente o cliente tem que cancelar toda a compra, e quando isso acontece vocês perdem dinheiro e nós clientes perdemos comodidade. Até então apenas isso. Abraços
Erro finalização;Sempre compro no site mas ultimamente da muito erro , e isso da vontade de desistir da compra.   Trava e da erro no carrinho e pra finalizar.
Preço, Prazo, Promoção, Stix;Ele trava bastante e também não contabilizou meus stix da última compra :c
Preço, Prazo, Promoção, Stix;Acho difícil. Nada conpleta fácil. Não consegui ativar o stic. Nada fácil. Trava.
Preço, Prazo, Promoção, Stix;Muito lento e não tem opção de usar os STIX
Pedido cancelamento;Não é possível fazer o cancelamento da compra!
Pedido cancelamento;O aplicativo em si é bom, porém fiz uma compra dia 06/04/2022 e até agora não chegou já até comprei em outra farmácia e agora não consigo cancelar a compra e já até paguei pelas fraldas...
Pedido cancelamento;Não consigo cancelar o pedido
Pedido cancelamento;Não tem como cancelar uma compra.
Pedido cancelamento;Não tem opção de cancelar ou trocar o pedido
Pedido cancelamento;Quero cancelar minha compra e não consigo
Pedido cancelamento;Falta a opção cancelar a compra pq estou com um pedido em análise mas fui até a loja e tive que comprar o mesmo, e não consegui cancelar a compra está até hj em análise. Já outros produtos que já retirei está a msg pronto para retirada pessoal não está finalizado
Pedido cancelamento;Nao permite alterar ou cancelar o pedido
Pedido cancelamento;Não é possível cancelar compras
Pedido cancelamento;Não dá opção de cancelar compra
Pedido cancelamento;Quero cancelar o pedido e não consigo.
Pedido cancelamento;Não permite cancelar pedido quando ele não eh entregue . Fiz um pedido com prazo de entrega de 1 dia . Já se foi 1 semana e não entregam .não tem como cancelar . Não confio mais
Pedido cancelamento;Não consigo cancelar ou alterar uma compra.
Pedido cancelamento;Porque nao existe cancelamento
Pedido cancelamento;Porque nao existe cancelamento
Pedido cancelamento;Porque nao existe cancelamento
Pedido cancelamento;Porque nao existe cancelamento
Pedido cancelamento;Porque nao existe cancelamento
Pedido cancelamento;Poder cancelar direto do app
Pedido cancelamento;Não dá pra cancelar o pedido
Pedido cancelamento;Caso haja algum erro durante a compra, é pouco prático o cancelamento
Pedido cancelamento;Precisa ter opção de cancelar compra
Pedido cancelamento;Deveria ter opção de cancelar, pois como há erros no sistema, pra cancelar tem ligar e fica 1 dia pra ser atendido!
Loja C&R, Estoque;Gostava bastante do app,mas ultimamente evito de comprar por aqui… e até esse pedido estou com medo… pois a última não tinha um produto em estoque o aerolin gotas… ficaram de estornar a venda e até hoje não recebi meu dinheiro de volta creio que tem mais de 30 dias isso… então estou com receio das compras
Pedido cancelamento;Fiz uma compra ontem, efetuei o pagamento, via Pix e o pedido foi cancelado.  Falei com o SAC fui muito bem atendida e devolveram prontamente o valor . Hj fiz novamente o pedido porque o preço está bom e sim conta muito, principalmente para aposentado, m
Pedido cancelamento;O app funciona bem, mas deixa de ser confiavel porque fiz uma compra utilizando o pagamento atraves do PIX, sem nenhum motivo a Drogasil cancelou meu pedido mas aceitou o pagamento me gerando transtornos em ligar para eles que reconhecem o erro mas não s
Pedido cancelamento;Duas x meu pedido foi cancelado e guia até a farmácia
Loja C&R, Estoque;Acabei de finalizar um pedido com sucesso eme ligam da farmácia dizendo que tem que ser cancelado por não existir no estoque 1 medicamento. Péssimo
Loja C&R, Estoque;Evitem cancelar os pedidos. O app tem que prever se o produto está disponível na farmácia escolhida para retirada.
Pedido cancelamento;Difícil visualizar algumas funções como incluir cupom de desconto Quando pedido cancelado deve informar o motivo Refiz o pedido cancelado e os preços foram atualizados para maior
Pedido cancelamento;Tive dois pedidos cancelados e não explicaram o motivo. Disponibilizam ofertas e o cliente não consegue adquirir os produtos. Agora, caso seja realizado um novo pedido os valores estão maiores. Não adianta ser oferecido desconto pelo App se os pedidos sã
Loja C&R, Estoque;O aplicativo é bom, mas venho utilizar este meio de comunicação para informar que a loja de vocês possuem na loja tais produtos, mas os funcionários não liberam para compra e cancelam na frente da pessoa. Péssimo.
Pedido cancelamento;Faz uma compra ontem. Hoje recebi msg de cancelamento.  Sugiro que informem também o motivo do cancelamento e como o valor pago será devolvido.
Pedido cancelamento;Cancela a toda hora os pedidos e demora muito para atualizar
Pedido cancelamento;Toda vez que tento comprar os kits de promoções de valores mais altos, quando vou ver no outro dia, sempre cancelam sem motivos.
Loja C&R, Estoque;Finaliza e não tem disponível.
Pedido cancelamento;Pela 2° vez caiu em uma porpagando enganosa desse APP, valor do leite que minha filha toma devido sua alergia custa 189$ (até semana passada era 182$), no APP é 174,99$ , primeira vez solicitei ,paguei no pix , e o pedido foi cancelado. Detalhe: quem me
Pedido cancelamento;Cancelam o pedido sem nos ligar.Não mostram o preço das ofertas.
Pedido cancelamento;Meu pedido foi cancelado sem razão. Quando fui refazer a compra, o preço do remédio estava mais alto. Não gostei disso.
Pedido cancelamento;Bug’s Cancelou o pedido por informações divergentes! Impossível faz tempo que compro e não mudaram as informações. Só continuo usando o App por conseguir preços uma pouco melhores, mas hoje comprei na concorrência mais caro, porém com segurança no planejamento para retirar os produtos.Aparentemente não teve controle de estoque, vendeu e depois atualizou encontrando o furo. Pois logo em seguida tentei comprar e o medicamento não está disponível em estoque.
Preço, Prazo, Promoção, Stix;Muitos produtos estão disponíveis, mas na hora de finalizar a compra, há aprovação e depois cancelam oferecendo o produto com preço maior.
Preço, Prazo, Promoção, Stix;Sumiu o campo para ativar as missões Stix do mês.
Preço, Prazo, Promoção, Stix;Comprar super rápida,mas nunca tem promoção para medicamentos que uso diariamente.
Loja C&R, Estoque;O aplicativo é bom. Mas as lojas da Raia estão desabastecidas. Queria comprar Hemolip e tem em poucas lojas e ainda uma caixa somente. Se a promoção para o cliente é de obter um desconto na 2a caixa como vocês só tem uma caixa em loja. O mesmo ocorre com
Preço, Prazo, Promoção, Stix;Cadê os pontos Stix? Eu só instalei essa chatice por causa deles. Detesto app, mas vocês não deixam eu resgatar meus pontos no conforto do meu desktop.
Erro finalização;Tive dificuldade em adicionar um cartão novo, a tela nao tem rolagem então nao consigo ver os campos pra baixo e nem confirmar a adição
Erro finalização;Não aceita o crédito do Nubank
Erro finalização;Levei muito tempo para conseguir fazer a compra.
Cesta;É imprescindível que quando não tem um dos produto da cesta para retirada na loja escolhida que seja informado qual o produto que está em falta . Pois isto possibilita que o cliente avalie e decida se a exclusão do produto faltante possa permitir que ele
Cesta;Não consigo excluir minha cesta aí não consigo comprar
Cesta;O aplicativo dificulta o retorno para novas compras, além do que está na cesta. Tive que finalizar e voltar.
Cesta;Ao finalizar os itens removidos mantem na cesta impedindo fazer outra tentativa de compra
Loja C&R, Estoque;Quando não tem o produto na loja, marcar como não disponível, para retirar da cesta, dando assim a possibilidade de comprar o q foi escolhido neste estabelecimento.
Cesta;Muito ruim colocar algo na cesta e ele.ser entregue por outro vendedor não tendo produto em loja
Preço, Prazo, Promoção, Stix;Podia ter mais promoções, preços são sempre mais caros comparado as outras drogarias.Poderia também ter opção de salvar uma lista de favoritos no App.
Erro finalização;O aplicativo é uma importante ferramenta e sempre o utilizo, mas têm se demonstrado constantemente instável, tenho que tentar várias vezes a compra para o pedido se efetivar. As vezes fica apresentando erro na finalização da compra, como: Ocorreu um erro, por favor, tente mais.  E só consigo concluir a compra se eliminar todos os produtos da cesta e iniciar novamente as buscas para que consiga efetivar a compra. E quando consigo e o pagamento é por cartão demora muito tempo para a compra ser confirmada com a operadora de cartão. Há alguns meses atrás o aplicativo era mais ágil e eficiente, hoje apesar dos valores dos produtos quase sempre serem melhores pelo aplicativo, até por isso que insisto em usá-lo, na maioria das vezes a experiência de uso é desagradável pelos erros e pela demora na confirmação.
Erro finalização;Sempre foi muito bom mas ultimamente está horrível. Estive há 2 semanas tentando diariamente realizar uma compra  e sempre dava algum erro no checkout. Agora até que enfim eu consegui
Cesta;Tive que mudar o carrinho 12 vezes até concluir que os itens tinham todos em uma única loja
Erro finalização;Fiquei mais de uma hora para fazer compra, o aplicativo não funciona, liguei na central e não resolveram. Péssimo!
Erro finalização;Não consigo fechar meu pedido e não há informação clara sobre o motivo
Erro finalização;Engraçado é que eu tentei a compra via Méliuz e via Cuponomia e não aprovou. Fiz diretoNo app sem cashback utilizando a mesma forma de pagamento e aprovou.
Erro finalização;Deu erro várias vezes antes de finalizar.
Loja C&R, Estoque;Informa que não consigo encontrar os produtos nas farmácias próximas à minha casa, mas não informa qual produto está em falta. Daí eu vou retirando de um por um da cesta e vou fazendo tentativas de fechar a compra. Se informasse o produto em falta, ajudaria muitíssimo.
Erro cartão de crédito;Tentei passar o cartão umas 15x e não aceitava retirar na loja.
Lentidão, Trava, Crash, Performance;Aplicativo ruim
Erro finalização;Os valores finais de compra não batem com o valor cobrado na fatura.
Preço, Prazo, Promoção, Stix;Gostaria de reaver minha senha e não estou conseguindo refazer . E os stix não estão saindo das compras e não estão  indo para O aplicativo
Preço, Prazo, Promoção, Stix;Não é possível trocar os pontos stix no aplicativo, o que não é nada prático. Mesmo porque algumas promoções são apenas online e nem sempre consigo comprar o produto que procuro na loja física. Outro defeito é que ao selecionar um produto na busca o programa repete as opções infinitamente, a tela nunca chega ao fim, a tela mostra os mesmos produtos. Faltam também opção de favoritos e ordenar e filtrar de acordo com preço, marca, popularidade.
Preço, Prazo, Promoção, Stix;1-Muito ruim pois apresentou erros graves na hora de cadastrar stix como num telefone inválido, mas é o do cadastro, então tive que colocar outro telefone porque? Erro grave de sistema.2-Apresenta erros na hora da compra como “Zip code undefined”? Sem explicação
Preço, Prazo, Promoção, Stix;Não encontrei meus pontos da STIX   , nem os telefones de contato deles ?
Lentidão, Trava, Crash, Performance;Muita instabilidade no aplicativo
Lentidão, Trava, Crash, Performance;Custei acessar o app
Entrega;Comprei pelo site pensando que vinha no mesmo dia ,obs:perguntaram qual loja aí respondi cerquilho e hoje faz treis dias e nada
Preço, Prazo, Promoção, Stix;Opção de frete caro
Erro cartão de crédito;Não aceita o cartão de crédito eletrônico, que eu sempre uso para compras online. Muito ruim.
Erro cartão de crédito;Nao aceitou pagamento pelo meu cartao ELO
Preço, Prazo, Promoção, Stix;O aplicativo não carregou minhas ofertas personalizadas, só depois de várias tentativas
Busca;Dificil de encontrar produtos
Loja C&R, Estoque;Uma porcaria.  Só avisa que não tem o produto na hora de pagar.  E mesmo assim de um em um.
Novas Funcionalidades;Poderia melhorar na questão do acompanhamento de cada passo do pedido.Tenho que ligar pra saber se está liberado pra retirada.Fora isso tudo ótimo ?
Preço, Prazo, Promoção, Stix;Preços subiram medicamentos faltando cobranca de frete
Problema não detalhado;É minha primeira vez!!!
Novas Funcionalidades;Demora na liberação do pedido
Novas Funcionalidades;Não tem a medicação procurada
Lentidão, Trava, Crash, Performance;Aplicativo Muito deficiente
Cesta;Cansativo se não tem não deixe colocar no carrinho
Erro cartão de crédito;Eu não sei por que o app não aceita meus cartões de crédito, que uso normalmente nos outros estabelecimentos.
Busca;Poderia adicionar um filtro da Loja
Erro finalização;Toda hora recebo erro no concluir a compra e o desconto do laboratório no Diovan Fix não foi aplicado corretamente no meu CPF, ficou bem aquém
Problema não detalhado;Muito confusi
Erro finalização;Por várias vezes a compra deu erro. Além disso, os preços mudam ao colocar os produtos no carrinho. Péssimo. Tem que melhorar muito.
Erro finalização;Difícil pra finalizar a compra pra retirar na Drogasil.
Cesta;Fica complicado adicionar um item e ter que refazer todos os dados do pagamento
Erro PIX;Não consegui copiar o código pix, que não aparece. Cancelei o pedido. Tentei refazer, colocar o código do cupom de desconto, e aí aparece a mensagem de que já foi usado o desconto no meu CPF.
Erro finalização;Estou há mais de 1 hora tentando comprar... e olha que eu tenho curso superior, hein?!? Imagina se eu tivesse... e caso desejem, podem me ligar para que eu conte os acontecidos.
Novas Funcionalidades;Deveria ter a opção de favoritos/desejados pra salvar produtos para compras posteriores.
Erro finalização;Terceira tentativa de compra on-line. Contato feito hoje com televendas e informado que é um problema do sistema da farmácia, sem sugestão adicional.
Busca;Não encontro opções de comprar 2 medicamentos ao mesmo tempo
Erro finalização;Meu pedido anterior não foi processado
Novas Funcionalidades;Poderia criar a opção de salvar lista de compras. Organizar por menor preço. O app apresenta alguns erros
Lentidão, Trava, Crash, Performance;DEVAGAR
Novas Funcionalidades;Poderia dividir mais
Entrega;Meu pedido consta como entregue só que nem fui retirar ainda. Já vi dormir mal por isso, pois paguei no crédito e já tô chateada pelo acontecido.
Busca;Precisa colocar e melhorar o filtro com 'menor preço', 'produto disponível em X loja' e etc.
Erro finalização;Ao fazer a compra ela não foi finalizada e retornaram os campos de preenchimento o que ocasionou a mesma compra 2 vezes
Cadastro, Login, Senha;Eu tenho cadastro mas não consigo acessar. Me ajudem
Busca;Sem filtro na busca
Loja C&R, Estoque;Não tem estoque dos medicamentos
Erro cartão de crédito;Falha no cartão de crédito,
Busca;A busca de itens poderia ser mais eficaz, aparecendo primeiro o produto que desejamos.  Aparece sempre outros do mesmo segmento antes.  Sugiro que vcs criem um botão para ativarmos de uma só vez tds os produtos em oferta no mês ao invés de ter que ativar 1por um???
Preço, Prazo, Promoção, Stix;Não consigo ver todos os itens das ofertas ativas.
Entrega;Precisa arruma pra retirar.Pelo meu endereço não estava conseguindo, tive que colocar o endereço da farmácia. Obg.
